framing,n,n_empty,rate_empty,n_cap_hit
A,408,137,0.33578431372549017,137
B,408,167,0.40931372549019607,167
C,408,146,0.35784313725490197,146
D,408,183,0.4485294117647059,183
ALL,1632,633,0.38786764705882354,633
