framing,n_decept,n,rate,ci_lo,ci_hi,display
A,3,271,0.01107011070110701,0.0037718441459224706,0.03203592249497091,Qwen3.5-9B
B,11,241,0.04564315352697095,0.025674706115020252,0.07986893402322413,Qwen3.5-9B
C,15,262,0.05725190839694656,0.03499890724862365,0.09230049507492309,Qwen3.5-9B
D,30,225,0.13333333333333333,0.09501746660512453,0.18395933746566362,Qwen3.5-9B
