subset,contrast,estimate,SE,df,asymp.LCL,asymp.UCL
all_cells,wording,2.317963305080721,0.4846812022073104,Inf,1.3680056047708173,3.2679210053906242
all_cells,split,1.7504593974643814,0.4724967127899253,Inf,0.8243828575825621,2.6765359373462005
all_cells,interaction,-0.13695860674676194,0.457877176917259,Inf,-1.034381382847464,0.76046416935394
response_only,wording,5.972380511551069,1.334344742617971,Inf,3.3571128730594784,8.58764815004266
response_only,split,1.5878738432928978,0.9174678281942297,Inf,-0.21033005694197393,3.3860777435277694
response_only,interaction,-1.261846203302694,0.9423282316387769,Inf,-3.1087755989300137,0.5850831923246258
