rate_all,rate_response_cells,n_total,n_empty,rate_empty_cells
0.03615196078431373,0.05905905905905906,1632,633,0.38786764705882354
